Label_Percent,Accuracy
0.05,0.7608695652173914
0.1,0.7391304347826086
0.2,0.8206521739130435
